IDS,SEXES,VIDEOS,PHOTOS,GIFTS,AUDIOS,FRIENDS,FOLLOWERS
10003,2,56,40,73,274,239,469
10030,2,5,2,9,0,129,205
10036,2,13,117,13,65,354,283
10037,2,0,3,0,311,20,106
10100,1,23,44,39,0,329,1635
10102,1,8,1092,6,184,466,420
10104,2,1,33,0,56,41,162
10131,2,1,0,0,0,4,13
10170,2,168,5,6,732,54,175
10171,2,7,458,28,0,1199,545
10231,2,10,1869,26,12,643,117
10243,1,316,4537,32,824,224,304
10250,2,24,1025,67,0,286,335
10276,2,2,2,4,3,464,82
10305,1,16,54,14,233,203,186
10306,2,19,87,3,205,117,7
10308,2,4,767,3,42,195,172
10313,2,0,0,0,0,105,3
10342,1,214,1073,48,0,347,2532
10376,2,0,2,3,0,2,5474
10379,1,41,95,8,58,78,230
10383,2,316,914,12,101,346,157
10407,1,4,278,8,6,146,152
10408,2,9,1203,4,19,608,278
10410,2,16,65,6,37,645,208
10411,1,0,0,0,0,0,1
10413,1,42,296,63,0,252,2274
10474,1,377,1206,20,0,554,1234
10476,2,8,1,12,0,77,276
10504,2,69,213,19,399,400,183
10535,1,6,162,4,287,172,91
10536,1,38,78,44,67,552,987
10568,2,33,305,5,46,353,172
10600,1,0,0,0,0,0,5
10603,2,22,20,2,541,423,139
10607,1,6,49,3,0,86,43
10629,1,0,1,15,532,0,13
10633,1,139,172,38,987,738,1689
10636,1,140,24328,42,0,104,357
10653,1,95,463,22,0,448,147
10657,2,4,134,1,964,590,249
10658,1,1,1,1,0,18,13
10691,1,77,291,23,124,129,4413
10717,1,5,71,6,122,112,78
10720,1,772,40,73,0,214,3232
10754,2,20,3,4,43,317,56
10757,2,26,1773,19,49,197,306
10783,2,0,0,0,0,0,11
10784,1,86,670,37,0,152,34
10787,2,0,0,0,0,0,1
10822,2,11,98,11,0,485,1010
10823,1,0,0,0,0,37,18
10848,2,55,103,1,415,115,196
10914,1,0,0,0,0,3,0
10946,1,0,281,6,0,200,213
10978,1,7,85,5,21,229,189
11016,2,25,17,0,47,106,49
11037,1,35,208,11,0,144,170
11039,1,23,187,5,367,118,557
11042,1,80,327,65,1005,426,2997
11074,2,513,5239,46,1196,869,762
11103,1,1,78,7,24,91,653
11104,2,0,0,0,0,0,10
11138,2,0,1,0,0,25,15
11168,2,0,0,0,0,7,0
11171,2,8,55,4,45,255,47
11172,1,58,4279,38,339,478,2329
11196,1,820,468,39,0,663,1946
11228,2,22,673,2,37,99,66
11231,1,0,0,0,0,0,13
11261,1,18,29,3,110,160,158
11262,2,39,72,9,108,131,261
11288,1,29,182,38,410,474,3823
11320,2,0,0,0,0,0,5
11324,1,37,404,13,262,293,211
11326,1,9,17,1,93,212,107
11386,2,0,0,0,0,0,10
11388,1,10,312,13,26,453,480
11389,2,0,0,0,0,0,11
11391,1,0,0,0,0,0,4
11414,1,738,973,27,1320,838,3684
11415,1,52,11,30,20,133,227
11420,1,155,762,32,471,248,2109
11422,2,3,266,34,0,1132,208
11446,2,99,4,14,0,1315,431
11450,1,100,553,66,585,265,1072
11451,2,0,3,0,0,140,130
11453,2,257,136,2,301,295,169
11478,2,38,1753,7,38,243,94
11479,2,0,0,0,0,3,25
11480,2,36,202,6,0,196,133
11486,2,41,23,28,342,298,659
11513,1,23,244,23,0,241,383
11516,1,0,0,0,4,7,38
11519,1,0,0,1,0,147,145
11641,2,129,260,30,288,2669,1179
11647,1,10,192,14,72,509,11539
11674,2,201,80,25,326,474,1060
11675,2,30,11,5,157,157,134
11678,2,0,0,0,0,0,17
11739,2,42,494,6,13,244,179
11741,1,1,0,0,0,26,167
11773,2,0,8,0,5,30,4
11775,2,1,160,16,39,255,129
11808,1,27,429,5,361,566,249
11810,1,0,3,5,0,115,976
11843,1,30,271,7,83,488,590
11844,1,106,5,16,519,192,1168
11870,2,218,3483,32,311,1067,4982
11873,1,11,46,1,8,520,507
11908,1,0,0,0,0,44,71
11939,1,958,97,28,1254,342,1834
11943,2,0,1,2,0,78,0
11969,1,223,77,47,0,504,3717
11971,2,0,0,0,0,3,2
11974,1,2,5,8,11,391,923
11975,1,110,38,21,0,219,721
12006,2,7,193,34,8,193,182
12067,1,66,210,23,0,186,71
12071,2,493,148,9,330,139,119
12102,1,0,0,0,0,0,27
12104,1,69,3247,10,99,298,816
12128,2,19,5,4,890,7,191
12135,2,0,0,0,0,0,0
12165,2,114,32,12,205,454,234
12195,1,16,14,7,0,317,2686
12196,1,0,0,0,0,0,6
12200,2,904,3357,35,865,233,479
12232,2,0,0,0,0,0,5
12235,2,13,113,1,406,113,50
12265,2,104,260,35,108,2604,110
12297,1,0,3,1,0,131,277
12299,1,81,139,49,437,497,1043
12326,1,13,2,11,0,137,293
12327,2,52,27,3,0,153,180
12365,2,42,1589,0,67,244,46
12393,2,11,0,0,44,174,65
12395,1,291,10653,49,909,164,5744
12396,1,37,184,16,0,138,355
12423,2,70,763,22,513,737,572
12424,2,36,844,17,0,97,175
12426,1,58,15,4,402,339,478
12430,1,310,350,95,0,655,1162
12460,2,0,2,240,56,44,44
12521,2,1,3,2,1,210,87
12523,2,1,25,4,18,297,110
12584,1,0,0,0,0,0,8
12586,2,0,0,1,0,0,7
12589,2,0,0,0,0,0,6
12592,1,10,0,2,0,227,77
12646,2,0,0,0,0,0,9
12648,2,0,0,0,0,0,4
12649,1,0,0,0,0,0,13
12713,1,19,2,7,0,123,229
12715,2,25,13,0,72,106,42
12773,1,57,78,38,176,555,532
12779,2,0,0,0,0,6,3
12780,2,682,937,8,595,331,627
12803,2,5,1017,16,13,387,224
12807,1,83,19,31,1884,402,1210
12837,1,11,284,27,190,643,1147
12842,1,141,61,23,176,168,633
12873,2,2,117,10,0,160,35
12902,2,6,13,7,142,118,2516
12937,1,84,1149,19,591,833,1502
12940,1,19,511,29,207,470,521
12969,2,24,135,5,230,223,155
12974,2,34,182,74,1587,447,713
12999,1,1258,3499,34,0,244,2725
13002,1,1,8,17,1,303,803
13004,1,252,8,34,814,106,795
13028,1,0,49,8,0,222,857
13035,2,9,0,4,0,160,45
13066,2,3,20,2,0,178,22
13092,2,0,0,0,0,0,10
13093,1,39,427,9,0,324,299
13128,1,3,15,8,0,82,130
13129,1,13,16,26,276,398,67
13131,2,13,489,8,34,153,41
13161,1,195,671,12,443,656,1500
13225,2,0,8,2,28,220,60
13242,2,29,496,2,5,268,89
13249,1,0,2,1,114,163,114
13275,1,118,642,26,102,255,805
13279,1,819,2511,21,6237,2222,2836
13304,2,0,0,0,0,110,13
13338,2,37,20,9,27,238,141
13366,1,49,8,10,0,492,254
13398,2,0,0,3,0,347,84
13399,1,64,643,29,84,180,2817
13401,1,374,1353,59,0,1632,6693
13418,2,0,0,0,0,2,4
13420,2,15,31,17,0,601,263
13447,2,3,21,0,11,17,7295
13449,1,0,0,0,0,1,4
13479,2,13,33,1,42,161,31
13485,2,94,188,17,843,2239,781
13540,1,7,16,5,71,208,116
13543,1,23,588,14,97,215,269
13566,1,1,1,1,0,10,14
13571,1,48,414,14,15,156,350
13596,2,0,53,22,22,94,30
13663,2,70,3,210,244,202,1901
13687,2,263,843,6,249,1524,2618
13689,2,2,519,3,3,174,79
13690,1,51,100,29,409,386,472
13753,1,12,226,19,197,306,285
13818,1,0,197,14,0,131,1623
13843,1,40,317,59,298,218,163
13848,2,0,0,0,0,0,1
13849,1,239,313,27,172,234,644
13874,2,0,0,0,0,0,3
13875,2,0,0,0,0,0,8
13877,2,1765,337,21,3043,1501,451
13881,1,5,115,0,0,34,93
13900,2,1,2,3,273,222,74
13904,2,18,3,4,277,156,112
13966,1,32,1304,23,420,145,598
13967,2,1,5,0,0,28,3
13976,2,2,21,0,5,46,4469
13977,1,34,2910,77,179,8703,4951
13978,2,17,9,9,40,944,371
13979,2,0,303,6,87,131,119
13981,2,0,0,1,0,145,24
14004,1,0,11,18,0,164,203
14005,1,0,0,0,0,4,3
14006,1,67,619,46,392,517,2228
14007,1,43,1182,60,0,4772,850
14008,2,108,167,0,76,106,8162
14011,2,103,1109,27,207,545,540
14037,2,2,1113,6,96,118,14
14069,2,0,1015,2,15,127,32
14070,2,38,170,14,18,317,155
14075,1,75,2381,35,292,942,1529
14103,1,45,311,25,80,601,208
14135,2,2,1,3,0,84,25
14140,2,0,92,0,0,113,16
14163,2,645,1217,21,381,3804,7029
14166,2,0,0,0,0,0,3
14168,2,0,23,0,0,343,356
14194,1,317,564,37,940,1015,945
14202,2,0,3,0,0,116,9
14211,2,2,3,11,0,219,54
14214,2,45,53,16,24,277,244
14244,1,0,0,0,0,12,37
14246,2,30,50,13,65,347,67
14247,2,86,2,7,29,325,273
14334,1,1,61,3,0,258,244
14365,1,51,36,26,437,313,596
14397,2,0,145,1,0,53,15
14427,1,41,344,29,3365,340,3
14435,2,0,0,0,0,0,4
14457,2,5,0,1,5,1,10
14490,2,0,0,0,0,0,3
14492,2,90,343,15,121,489,357
14519,1,0,0,0,0,0,1
14551,1,106,798,21,979,923,2662
14552,2,34,140,2,204,119,79
14583,2,19,0,0,0,78,20
14589,1,0,0,0,0,0,7
14600,2,0,0,0,0,170,100
14605,2,52,1654,164,888,778,957
14630,1,34,44,33,141,159,593
14631,2,51,457,7,270,317,271
14632,2,0,0,0,0,0,0
14634,1,77,1124,33,218,928,1597
14653,1,1,0,1,0,67,86
14686,1,25,177,96,56,319,505
14687,2,0,0,0,0,0,3
14693,2,87,392,21,0,280,156
14717,2,91,916,7,87,218,100
14718,2,20,1751,2,0,644,225
14719,2,36,408,133,69,89,141
14720,2,0,0,0,159,59,2
14746,1,62,56,4,569,343,288
14781,1,426,27,29,2118,799,4938
14810,1,1,1,15,0,146,93
14846,2,4,44,3,124,201,143
14873,2,4,7,0,8,52,135
14874,2,0,0,0,0,81,17
14878,2,175,863,97,209,2737,532
14879,2,235,92,4,324,318,292
14881,1,0,0,0,0,0,7
14907,1,2,126,42,56,220,206
14910,1,16,180,392,0,664,8163
14911,2,84,138,8,482,735,1135
14943,2,0,0,0,0,2,0
14969,2,2,1,1,0,8,30
14973,2,0,0,0,0,0,3
14975,2,43,23,51,1,170,270
15001,1,3,70,2,0,118,218
15036,2,67,91,6,342,323,114
15070,2,19,32,15,366,242,344
15102,2,0,208,0,1,112,106
15133,1,6,32,0,242,206,152
15167,2,38,56,27,0,239,169
15196,1,10,14,18,712,317,402
15198,2,517,580,11,732,170,477
15199,2,0,2,1,0,27,24
15201,1,6,117,3,53,190,248
15225,1,21,527,28,289,239,994
15228,1,48,485,75,0,581,526
15231,1,3,402,14,0,232,802
15233,1,40,777,5,6,324,179
15256,2,21,702,15,0,349,315
15258,1,19,589,13,121,375,150
15262,1,371,339,76,468,945,1285
15289,2,315,488,53,311,5816,522
15358,1,148,82,54,0,383,1450
15359,1,14,27,14,341,167,229
15376,2,211,482,19,226,3266,412
15433,2,48,1091,34,64,92,243
15434,1,4,111,14,0,336,490
15436,2,1,144,5,93,407,51
15438,2,0,0,0,0,1,7
15460,2,0,3,18,24,685,575
15504,1,14,29,26,0,279,824
15506,1,0,1,1,0,125,24
15535,1,15,30,23,0,54,468
15562,2,0,0,0,0,45,18
15563,2,11,31,1,33,318,202
15565,2,8,5,5,209,145,121
15586,2,0,114,12,264,1052,154
15590,1,3,263,3,317,216,95
15607,2,8,553,2,708,334,47
15609,1,350,1746,60,0,707,2681
15612,1,60,614,7,269,261,349
15613,2,258,128,8,348,141,532
15614,2,15,44,0,37,235,40
15631,2,76,6,22,0,661,394
15635,1,1,13,9,0,224,867
15660,1,156,203,35,110,245,2479
15662,2,102,153,32,713,474,571
15663,2,5,22,0,14,228,3004
15665,2,79,1736,6,855,817,381
15689,2,0,0,0,0,0,6
15690,1,7,184,5,5,241,844
15693,2,6,38,13,0,532,228
15696,1,653,1302,35,2726,559,7864
15726,1,56,31,6,1231,172,213
15756,1,225,1702,54,557,443,809
15758,2,71,754,26,577,674,113
15759,1,149,2147,46,374,638,1857
15772,2,86,108,10,393,306,112
15773,2,44,1553,5,293,167,169
15774,2,104,182,6,428,147,34
15806,1,1,0,1,0,340,154
15897,1,2,23,3,203,76,213
15929,2,0,0,0,4,2,1
15936,2,928,8299,81,152,1291,2079
15965,1,1,111,2,0,207,137
15969,2,71,1141,96,320,771,343
15994,1,146,271,11,926,419,1136
16000,2,10,228,16,44,421,220
16026,1,40,182,6,263,516,383
16058,1,7,248,11,10,215,247
16059,1,25,10,196,0,598,4712
16090,2,162,131,8,0,472,197
16093,2,10,195,15,200,130,42
16094,2,216,318,18,320,39,518
16121,1,57,63,15,159,210,1058
16128,1,40,61,30,452,139,147
16179,2,32,208,102,397,1205,83578
16207,2,0,30,1,16,74,39
16208,2,0,0,0,0,0,9
16264,1,0,0,0,0,0,21
16271,1,0,0,0,0,0,8
16295,1,98,190,20,233,549,1893
16301,2,0,48,8,33,152,401
16302,2,4,16,0,216,245,249
16327,1,47,3,14,0,218,247
16328,2,13,351,4,0,562,262
16331,2,5,13,0,37,103,16
16365,2,5,27,3,1,467,143
16396,2,5,10,1,18,84,138
16397,2,3,0,1,24,69,51
16399,2,0,0,1,0,0,6
16400,2,198,163,0,38,235,200
16463,1,35,127,24,523,190,239
16464,2,0,16,10,277,258,125
16466,1,50,34,16,0,248,1205
16499,2,12,3771,7,0,611,284
16537,2,7,3,0,6,75,6
16570,2,0,6,2,0,90,24
16603,2,107,3407,16,106,1613,978
16634,2,37,110,5,98,717,4097
16635,2,115,497,12,1142,131,305
16664,2,0,2,0,0,4,47
16670,2,52,67,2,596,278,124
16691,2,293,420,30,1759,868,485
16692,2,0,1,2,1,79,12
16694,1,59,3697,48,0,835,839
16696,2,46,377,4,104,238,511
16697,1,56,484,8,216,260,390
16720,1,160,204,6,133,571,640
16724,2,1,0,10,5,58,53
16749,1,3,334,0,0,131,100
16751,1,24,109,30,0,160,462
16753,2,2,31,4,17,106,1010
16817,2,2,0,0,18,7,8
16818,2,20,1180,66,148,94,134
16845,2,0,0,0,0,5,4
16848,2,86,5,24,112,190,61
16880,2,28,23,5,124,97,114
16881,2,215,577,4,382,146,480
16883,2,18,6,1,7,10,0
16917,2,8,119,10,106,336,169
16949,1,3,9,2,41,100,121
17011,1,0,39,10,14,134,102
17012,2,2,3,1,114,139,79
17013,2,3616,628,8,838,911,1424
17032,1,6,3,0,190,158,67
17035,2,161,290,10,298,541,280
17036,1,0,0,1,0,16,15
17037,1,126,10,0,4,48,22
17064,2,159,1110,14,459,337,280
17065,1,5,226,2,8,91,173
17066,2,86,246,23,839,553,225
17069,1,33,220,17,477,420,2090
17070,1,1,19,2,0,299,75
17072,1,0,1,0,26,25,27
17102,2,4,3,2,1,212,159
17132,1,0,0,0,0,224,148
17133,2,3,367,2,0,199,93
17137,1,2,3,1,1,42,17
17163,1,234,357,63,691,499,5663
17166,1,329,907,31,1529,675,1755
17167,2,5,11,23,49,409,118
17199,1,104,1085,40,703,318,349
17223,1,31,238,41,0,304,373
17225,1,2,22,2,27,16,34
17227,1,7,22,3,1,60,42
17256,1,200,159,18,421,384,872
17260,1,23,86,5,83,237,564
17289,1,174,714,31,723,992,957
17290,2,0,0,0,0,0,20
17292,1,0,0,0,0,30,31
17319,1,31,1078,41,217,221,2611
17326,1,45,2531,19,334,954,1482
17386,1,34,125,12,311,108,1811
17388,2,116,71,26,228,405,186
17390,2,168,41,20,379,886,874
17453,1,15,207,21,15,343,224
17456,2,5,6,16,117,440,154
17457,2,69,83,9,175,251,514
17485,2,2,66,2,0,206,186
17487,1,34,299,4,0,169,331
17551,2,35,202,4,88,161,267
17556,2,140,173,1,272,1049,449
17559,1,308,3625,160,2418,884,975
17587,2,47,76,57,269,863,180
17595,1,2,106,10,0,270,133
17597,1,1,1,7,0,0,125
17606,1,0,2,2,0,64,37
17607,2,7,6,1,0,100,19
17658,1,3,133,2,0,268,145
17664,1,50,3766,4,500,332,199
17690,1,12,1773,16,0,489,373
17691,2,94,1447,14,430,669,263
17693,1,179,5400,13,288,260,564
17695,2,5,1,4,1,386,137
17696,2,0,0,0,0,0,3
17725,1,14,236,10,3,269,191
17753,2,312,1100,5,651,293,174
17754,2,47,8,11,0,215,194
17755,2,0,240,5,4,111,18
17756,1,1,1533,34,0,104,298
17783,1,0,29,7,580,427,440
17786,1,771,1154,31,0,691,673
17807,2,2,143,53,0,115,233
17808,1,13,1028,9,158,392,822
17813,1,119,11,20,0,394,701
17843,2,23,817,4,58,180,330
17902,2,31,123,16,567,483,285
17905,2,385,1794,26,948,3652,1284
17937,1,4,179,11,2,106,128
17938,2,1,168,6,109,408,118
18000,2,6,13,15,13,229,104
18001,1,0,0,0,0,0,7
18002,1,3,32,8,0,277,639
18004,2,13,19,0,12,218,67
18006,1,0,8,0,3,84,95
18007,2,67,1597,115,19,446,985
18021,1,0,0,0,0,1,3
18022,1,33,275,7,0,839,1444
18024,1,0,7,1,0,60,147
18025,1,0,0,0,0,0,5
18026,2,116,354,13,119,334,273
18027,2,17,128,2,22,147,218
18050,2,0,0,0,0,122,13
18054,1,0,0,0,0,0,0
18058,2,6,2,10,273,425,474
18080,2,1,0,0,0,39,16
18084,2,0,0,0,0,0,6
18085,1,37,9,13,0,66,192
18114,1,4,334,0,1,115,180
18116,2,19,699,12,36,129,351
18118,2,103,353,10,564,166,1262
18145,1,8,24,33,186,463,605
18177,2,0,2,2,0,132,48
18178,2,66,29,27,283,846,10383
18180,1,0,0,3,1,73,59
18181,1,44,1419,96,773,4194,11226
18182,2,2,310,8,0,238,178
18183,1,1,1,3,0,89,123
18185,2,46,35,16,54,919,1572
18202,2,0,0,0,0,29,8
18235,2,7,4,4,27,386,150
18237,1,9,165,5,49,58,554
18238,2,0,0,0,0,29,33
18240,2,119,276,14,210,244,198
18270,1,27,1,3,25,218,79
18274,2,4,22,602,0,5,933
18277,1,58,193,21,325,287,192
18297,1,43,17,26,620,203,990
18298,2,0,1,12,0,114,17
18302,2,2,117,9,0,60,93
18303,1,59,34,2,51,85,55
18329,1,0,0,4,25,146,192
18335,2,0,26,0,0,11,14
18361,1,0,0,0,0,0,9
18363,2,57,0,0,506,22,173
18365,2,105,50,15,204,272,120
18386,1,33,1713,13,417,497,716
18388,2,44,2646,6,16,25,74
18390,2,1,71,2,0,53,31
18411,1,0,1,4,0,124,46
18445,1,7,75,4,158,457,931
18446,1,66,1135,13,141,810,1509
18447,2,36,539,10,1453,587,562
18448,2,279,811,97,364,1573,2755
18449,1,5,182,2,0,254,477
18475,2,0,0,0,0,0,0
18477,1,92,40,1,754,105,337
18501,1,2,70,20,446,655,1365
18508,1,26,510,15,48,471,389
18509,1,59,725,5,0,11,300
18529,2,89,205,3,0,535,569
18530,2,85,5,17,513,1248,1017
18531,2,0,0,0,0,0,7
18591,1,165,48,12,435,242,537
18624,2,9,157,3,703,182,119
18627,1,30,1243,22,222,359,553
18655,1,17,0,2,0,108,225
18656,1,82,21,12,717,61,430
18658,2,53,17,77,0,902,972
18684,2,1,0,0,0,101,18
18687,2,160,852,15,3868,941,622
18691,2,129,1738,46,681,376,251
18716,1,48,723,26,0,1336,1702
18721,1,0,0,0,0,36,76
18723,1,43,337,15,408,137,333
18819,1,0,24,0,0,29,8
18821,1,5,17,3,1,356,177
18880,1,38,201,3,0,163,105
18884,1,100,1311,6,986,122,324
18887,2,42,286,7,66,203,107
18912,2,112,48,8,0,133,109
18949,1,28,26,4,330,329,358
18955,1,123,2392,27,306,286,1590
18956,1,10,2335,6,256,393,196
18989,2,35,343,5,9,481,177
19016,2,0,0,0,0,23,103
19020,1,395,90,21,418,182,290
19046,2,59,14,7,0,185,288
19048,2,25,342,12,38,445,226
19053,2,91,68,5,226,403,351
19081,2,11,77,8,0,254,210
19083,1,77,282,18,760,189,488
19088,2,96,499,49,128,809,503
19108,2,0,0,1,0,332,49
19110,2,183,1664,19,564,256,537
19139,2,7,323,10,0,203,71
19145,2,0,0,0,0,12,12
19175,2,280,284,8,4042,201,212
19177,2,116,687,33,0,241,192
19178,1,15,308,1,701,183,88
19204,1,112,735,22,130,259,1017
19235,1,0,0,0,0,0,1
19267,1,581,587,67,3025,879,1403
19293,2,223,166,28,0,1027,286
19295,1,153,174,81,343,654,1570
19298,1,13,104,1,13,40,338
19355,2,0,0,0,0,0,0
19388,1,230,799,24,659,1023,1459
19394,1,378,700,21,0,2414,1518
19452,1,770,1598,11,1669,489,508
19458,1,128,84,10,380,779,345
19519,1,275,736,14,687,195,727
19524,2,13,35,0,25,107,39
19525,2,22,64,1,41,65,335
19551,2,134,150,7,527,185,170
19552,1,12,71,40,0,246,381
19557,2,39,16,30,0,5,173
19558,1,2,26,7,0,271,395
19582,1,35,215,20,760,819,1042
19586,2,3,7,9,2,777,161
19587,1,7,182,7,184,117,229
19617,2,3,0,2,0,127,5
19618,2,112,3756,488,938,328,804
19652,2,64,0,0,0,75,12
19684,1,3,205,22,2,94,151
19685,1,64,2,4,815,141,116
19688,1,51,194,5,685,275,670
19713,1,574,24989,24,587,1092,1000
19750,1,12,323,21,60,83,339
19782,2,1197,14,35,1767,353,1075
19783,1,81,1997,72,983,200,1132
19785,2,0,0,0,0,1,15
19817,1,54,19,22,98,347,1018
19848,2,361,1663,15,742,770,390
19874,2,17,136,8,349,200,62
19875,1,7,94,2,17,270,247
19908,1,5,2,7,57,258,83
19910,2,0,0,0,0,0,3
19912,1,10,6,8,2,106,86
19913,2,0,133,6,3,418,78
19942,2,26,17,1,30,231,146
19975,2,0,0,0,0,0,1
19981,2,15,7,15,0,273,183
20044,1,41,46,8,157,376,333
20045,2,69,6,18,1383,180,379
20046,1,123,16,12,651,701,2032
20070,1,0,0,2,0,0,499
20072,1,9,120,33,0,332,6085
20073,2,133,1595,5,142,375,280
20101,1,0,1,0,0,0,187
20106,2,40,51,9,385,366,204
20108,2,1,15,2,1,187,102
20134,2,16,25,16,0,658,669
20135,2,39,1312,21,79,1896,469
20138,1,11,1120,8,242,709,441
20170,1,28,81,3,131,119,182
20171,1,0,0,0,0,0,1
20173,1,8,1141,14,109,304,1070
20199,1,5,0,3,54,160,178
20201,1,0,0,0,0,1,25
20268,1,0,0,0,0,0,5
20302,1,111,5985,12,196,5067,4778
20331,1,4,57,15,62,312,364
20332,1,21,23,3,20,84,94
20338,2,263,159,18,0,3434,836
20365,2,692,133,12,0,433,514
20366,1,72,59,3,114,118,121
20390,2,6,22,4,24,125,2
20392,1,1,7,10,301,256,196
20426,1,82,889,44,0,924,1035
20457,2,99,122,9,319,369,337
20459,2,114,16,10,115,111,307
20460,2,14,1024,0,581,310,70
20523,2,16,350,20,851,255,59
20527,1,7,10,3,0,141,78
20528,2,12,686,10,339,169,117
20555,1,281,332,8,990,372,532
20559,1,0,0,0,0,0,1
20562,2,24,18,3,138,105,37
20585,2,0,470,11,0,360,120
20620,2,0,0,0,0,0,0
20621,1,33,5,142,0,3742,2153
20685,2,0,0,0,0,1,1
20686,2,12,10,9,114,245,105
20718,2,36,196,3,319,431,175
20719,1,0,0,0,0,0,5
20721,1,59,65,11,12,198,105
20723,2,0,5,6,14,121,18
20753,2,1,2,7,84,56,28
20754,1,69,54,14,1318,168,619
20778,2,8,0,5,0,265,75
20779,1,2,41,21,24,800,525
20781,1,24,109,92,409,287,3068
20785,2,45,86,5,467,175,170
20813,2,2,11243,4,2,154,120
20816,1,194,176,58,250,404,1299
20848,2,103,1267,18,375,196,74
20910,2,0,17,1,101,271,41
20945,1,48,67,9,577,254,393
20971,2,70,531,24,347,512,249
20972,2,65,1021,8,134,359,695
20974,1,2,12,1,0,550,297
21001,1,1,181,5,0,187,152
21002,1,209,307,24,217,341,506
21004,2,2,23,2,30,271,197
21007,2,238,15068,329,325,101,65
21008,1,1,0,0,0,0,6
21029,1,8,85,5,0,303,115
21032,2,61,570,19,109,505,257
21093,2,0,10,4,0,65,45
21118,2,87,262,21,157,258,779
21121,2,5,379,2,0,83,56
21153,2,50,39,5,262,257,231
21156,1,28,207,2,0,164,146
21158,2,99,42,2,174,123,56
21159,2,41,516,14,216,430,306
21174,1,107,100,16,518,107,246
21176,1,1,125,0,0,160,8
21177,2,4,109,0,48,60,55
21207,1,63,74,15,148,282,320
21211,2,1,0,0,0,9,11
21243,1,94,745,20,160,265,338
21305,1,47,970,17,380,423,705
21307,1,400,3187,51,746,1809,3075
21334,2,48,419,13,0,201,36
21335,2,73,53,5,84,50,147
21338,2,0,0,0,0,1,20
21342,1,44,130,4,264,320,150
21363,1,62,16,91,0,256,533
21364,1,0,0,0,0,1,10
21367,1,99,261,20,0,296,910
21368,1,165,646,21,0,453,1046
21371,2,319,197,27,767,139,164
21396,2,2,66,9,101,150,56
21398,2,11,12,2,153,294,138
21404,2,100,529,12,754,266,57
21433,1,28,1639,16,193,227,1128
21464,1,0,3,7,111,195,840
21465,2,77,232,2,507,505,144
21467,1,118,61,25,1220,236,607
21499,2,890,2045,6,302,890,9
21526,1,66,682,69,225,464,547
21530,1,75,2923,39,305,700,1166
21534,2,0,0,0,0,9,6
21561,2,0,0,0,0,1,11
21562,2,161,39,2,232,165,317
21564,1,55,896,1,642,262,569
21592,1,205,684,15,0,202,791
21595,2,13,289,2,44,165,190
21597,1,147,161,13,65,204,369
21600,1,6,35,9,9,101,208
21627,1,182,4344,55,826,2019,1257
21632,2,0,0,0,0,70,7
21633,1,71,9,37,186,326,345
21655,1,52,859,20,0,226,463
21656,1,42,147,18,9,226,967
21659,2,15,44,1,22,37,1100
21688,2,0,40,1,0,180,38
21713,2,0,0,0,0,3,8
21731,1,0,0,4,0,0,0
21766,1,0,0,0,0,79,178
21770,2,1,2,2,18,147,16
21771,2,162,623,1,1050,699,455
21772,2,109,66,4,159,611,427
21796,2,3,44,1,0,248,288
21801,2,0,0,0,0,0,1
21828,1,21,2611,4,225,523,371
21834,1,1,6,5,0,148,188
21869,1,166,0,12,0,170,1121
21918,2,1,0,4,0,14,57
21947,2,11,14,23,465,241,276
21950,2,0,15,5,0,82,33
21952,1,268,387,30,0,864,1234
21972,1,1,9,0,20,38,30
22006,1,25,451,11,115,296,644
22008,2,0,0,0,0,0,7
22040,2,21,370,3,119,367,58
22074,1,23,399,2,137,558,939
22077,1,38,1,7,0,163,197
22138,2,4,402,5,1,34,52
22163,2,24,15,17,94,359,212
22170,1,14,60,31,133,284,671
22173,2,2,39,3,45,65,62
22176,1,213,32,5,211,255,257
22178,2,1,8,4,253,118,230
22201,2,10,331,5,34,44,63
22203,2,3,27,16,0,157,223
22205,2,0,0,0,0,0,8
22235,2,118,63,8,872,230,100
22260,1,76,8699,31,420,72,15456
22266,1,377,2689,52,0,766,5098
22287,2,0,0,0,0,0,4
22290,2,18,10,4,367,55,192
22320,2,47,100,0,0,60,310
22323,1,49,238,3,33,298,104
22327,1,13,598,12,26,286,357
22357,2,0,0,0,0,0,3
22392,1,22,2302,11,0,374,1101
22406,2,6,142,32,71,88,2455
22438,1,2,0,1,0,75,36
22440,2,6806,3804,57,0,466,385
22441,1,1,0,8,0,495,141
22469,2,15,50,6,219,165,73
22473,1,8,688,146,851,430,418
22475,1,28,415,21,120,407,526
22502,2,285,1486,15,1594,118,144
22507,1,19,1084,31,62,425,1360
22509,2,5,0,0,0,27,11
22533,1,0,145,5,0,205,429
22568,2,336,223,32,547,81,145
22571,1,0,73,0,0,247,90
22590,2,4,7,4,10,130,58
22593,2,24,11,8,0,87,1084
22624,1,64,59,2,0,168,1117
22626,1,2,36,0,9,44,46
22628,1,43,149,10,0,318,502
22686,2,37,828,5,21,152,71
22689,2,319,45,14,134,349,117
22716,1,17,70,11,133,91,270
22723,2,261,83,16,220,229,436
22747,1,46,306,18,98,601,639
22748,1,59,26,21,318,370,412
22750,2,0,0,0,0,1,15
22780,2,0,0,0,0,18,19
22786,1,209,597,55,831,287,1686
22788,2,6,16,278,0,7903,29094
22793,1,0,0,0,0,0,13
22795,2,69,318,1,136,14,128
22799,1,5,21,3,142,143,191
22801,1,0,53,19,128,263,328
22860,2,107,123,8,152,982,323
22867,2,9,4,2,83,155,40
22895,1,5,2,0,222,86,67
22897,2,96,1952,44,1018,611,345
22926,2,197,17,11,46,402,273
22961,1,2,536,5,0,138,262
22969,2,0,0,0,0,0,3
22997,1,383,643,43,0,219,3107
22998,2,27,1040,22,655,901,57
22999,1,25,557,17,171,254,287
23024,2,78,868,19,0,481,479
23029,2,49,386,16,0,313,154
23060,2,1028,964,21,2900,1895,383
23062,2,0,0,0,0,1,1
23065,2,14,2,3,230,132,75
23086,2,0,0,1,0,54,30
23114,1,22,43,2,29,148,146
23117,2,449,98,21,0,808,672
23118,2,0,26,46,5,449,31
23120,1,26,318,1,50,84,40
23174,1,55,807,45,469,1245,797
23177,1,12,933,24,157,393,577
23178,1,0,0,0,0,1,3
23179,2,50,29,20,371,411,1212
23211,2,190,137,4,895,125,85
23214,2,125,353,5,0,362,324
23238,2,61,0,3,213,399,409
23240,2,0,0,0,0,0,0
23246,2,1,227,9,2,331,54
23272,1,50,69,13,0,280,376
23273,1,24,625,65,0,327,1337
23274,2,7,9,5,0,109,20
23275,2,251,59,4,832,353,80
23296,2,2,34,7,60,354,201
23299,2,27,81,14,13,92,285
23300,2,0,0,1,0,8,28
23327,2,2,13,3,74,74,40
23358,1,9,808,25,277,245,428
23362,2,7,27,16,4,508,130
23365,2,0,0,0,0,0,18
23388,2,15,408,16,5,128,216
23389,2,0,2,13,17,72,62
23390,2,17,64,0,0,761,192
23392,2,28,253,42,22,349,770
23395,2,0,0,0,11,0,42
23424,2,4,21,2,0,148,494
23427,1,49,370,25,2226,181,961
23481,2,0,0,0,0,69,6
23486,1,1,1,0,0,8,35
23511,2,2839,102,20,1217,0,387
23516,1,62,531,25,335,871,1255
23517,2,0,0,0,0,1,3
23544,2,0,0,0,0,58,27
23546,2,1,0,1,101,1,9
23575,1,447,2579,10,1266,226,1466
23611,1,8,912,9,650,37,370
23612,2,138,312,17,607,1100,576
23616,2,0,123,3,144,311,117
23618,2,81,220,15,541,178,269
23645,2,0,36,4,0,193,154
23651,1,424,0,13,1650,168,209
23652,2,8,212,0,21,48,17
23683,2,0,0,0,0,0,4
23684,1,4,36,4,357,146,71
23685,2,0,1,0,0,0,8
23709,2,17,187,44,0,215,228
23710,1,6,707,6,61,323,224
23713,2,2707,2259,28,284,492,330
23739,2,53,217,16,188,113,24
23742,1,0,0,0,0,0,1
23743,1,4,81,2,143,177,221
23776,2,0,0,0,0,18,5
23803,2,0,0,0,0,0,1
23808,1,61,374,17,0,867,20
23809,2,0,0,0,0,0,4
23837,2,41,191,1,162,339,96
23838,1,0,0,0,0,17,7
23842,2,24,433,2,12,383,87
23864,1,28,729,2,127,110,115
23866,2,0,0,0,0,1,25
23867,2,0,428,0,56,310,68
23868,1,23,100,10,538,88,128
23894,2,35,151,30,42,620,616
23896,2,3,19,13,83,66,123
23900,1,2,3101,14,135,235,68
23923,1,0,0,0,0,1,9
23927,2,36,16,1,53,69,58
23952,2,0,2,1,26,111,57
23955,1,68,994,43,0,187,1749
23956,2,0,0,0,0,2,11
23957,2,0,0,0,0,1,11
23981,2,30,604,16,0,351,178
23982,1,235,597,17,596,159,523
24014,2,4,0,0,59,153,66
24016,1,15,33,7,0,201,97
24017,2,4,65,6,0,275,215
24044,2,0,0,0,0,0,1
24048,1,1,13,3,35,142,61
24049,2,0,0,0,0,0,3
24072,2,230,128,76,249,1305,1005
24104,2,38,320,9,0,352,287
24110,1,222,409,56,0,575,1596
24142,1,31,10,9,0,212,350
24143,1,85,889,18,0,299,1110
24171,1,107,880,75,0,1555,8509
24172,2,0,3,0,0,1,15
24174,1,281,1039,35,523,4942,7810
24178,1,129,64,34,1740,107,1575
24203,2,10088,386,41,10000,4564,7339
24205,2,54,161,28,346,313,4268
24211,2,217,13,4,90,142,74
24220,2,60,189,3,297,246,92
24222,1,49,176,45,862,1270,1893
24284,2,3,345,25,419,254,91
24285,1,0,0,0,0,0,3
24286,2,0,0,0,0,28,12
24351,2,53,47,12,1359,31,114
24352,2,34,92,9,230,262,6
24385,2,0,56,3,0,139,46
24415,1,58,519,138,0,373,1523
24419,2,18,2,0,29,406,44
24452,2,5,8,1,19,540,227
24454,1,68,723,36,248,322,131
24480,1,0,0,0,0,0,15
24485,1,39,117,11,0,199,584
24517,1,18,174,31,689,198,135
24522,1,66,224,50,794,320,796
24550,2,0,0,0,0,1,1
24583,2,0,2,6,0,193,80
24586,2,0,0,0,0,83,9
24588,1,6,80,13,19,195,285
24613,2,213,204,35,1443,524,1050
24620,1,0,279,21,28,760,1081
24638,1,0,14,15,77,36,61
24676,2,606,1167,41,0,395,1000
24702,2,48,163,31,140,170,234
24735,2,294,785,22,518,1331,684
24738,2,97,1182,12,499,312,336
24740,2,9,429,15,0,770,387
24767,1,143,288,15,1115,345,1155
24769,2,19,9,4,2,227,233
24771,2,31,684,12,183,152,145
24799,1,0,0,0,0,115,60
24803,1,2,95,4,15,78,139
24805,2,0,0,0,0,1,2
24828,1,0,285,86,63,152,636
24861,1,9,50,1,27,48,3
24863,2,3,1,0,56,127,206
24927,2,69,2,4,197,159,75
24931,1,52,713,6,0,443,319
24933,2,139,140,47,851,273,110
24966,2,55,1172,31,247,575,550
24968,1,45,1690,27,0,3585,2837
24994,1,17,48,18,68,255,274
25001,1,35,0,1,0,82,60
25025,1,44,91,37,0,565,908
25028,2,32,0,8,57,92,20
25033,2,5,9,7,66,83,115
25086,2,14,12,1,90,152,51
25090,2,0,0,0,0,1,4
25091,2,0,6,5,56,73,265
25124,2,153,352,24,0,293,140
25125,1,15,566,17,0,379,2243
25152,1,6,247,5,97,324,772
25155,2,0,0,2,13,153,21
25157,1,43,33,136,331,70,83
25221,2,62,63,16,154,658,158
25222,1,35,127,28,252,430,891
25224,2,7,76,7,133,455,119
25225,1,47,4,20,96,142,231
25227,2,70,218,32,455,425,1232
25253,1,24,655,23,0,175,712
25256,1,180,788,74,1081,70,624
25257,2,0,0,0,0,4,10
25284,2,0,0,0,0,0,14
25287,1,13,138,22,93,373,326
25314,2,0,0,0,2,62,1
25348,1,27,2467,60,0,153,6332
25349,2,60,938,16,497,899,353
25378,1,77,114,48,0,122,2722
25379,2,100,239,40,0,201,346
25411,2,93,8,7,278,416,263
25413,2,0,0,0,0,1,1
25414,1,144,216,229,1447,329,2116
25440,2,6,133,3,0,41,11
25497,1,177,1699,2,226,171,450
25504,2,4,0,4,0,72,26
25531,2,0,0,0,0,4,33
25537,1,202,914,5,1033,289,155
25562,1,1,253,4,8,565,224
25565,2,27,31,12,0,206,257
25601,1,395,1452,3,467,297,125
25633,2,0,0,0,0,0,1
